asteroid_name,t1_jd,ra1,dec1,sun_x_1,sun_y_1,sun_z_1,t2_jd,ra2,dec2,sun_x_2,sun_y_2,sun_z_2,t3_jd,ra3,dec3,sun_x_3,sun_y_3,sun_z_3,t_target_jd,jpl_r2_x,jpl_r2_y,jpl_r2_z,jpl_v2_x,jpl_v2_y,jpl_v2_z,jpl_dist2,jpl_a,jpl_e,jpl_i,jpl_loan,jpl_aop,jpl_ma
2002 KL6,2460118.708333333,15 48 6.22,-2 46 44.3,-2.112490042442325E-02,9.323243076024456E-01,4.041173475275137E-01,2460125.708333333,15 50 18.27,+1 12 55.0,-1.391482133320911E-01,9.239895929637317E-01,4.005002424542735E-01,2460132.708333333,15 57 23.59,+6 7 24.6,-2.552179930127938E-01,9.029675065304688E-01,3.913862959375257E-01









