asteroid_name,t1_jd,ra1,dec1,sun_x_1,sun_y_1,sun_z_1,t2_jd,ra2,dec2,sun_x_2,sun_y_2,sun_z_2,t3_jd,ra3,dec3,sun_x_3,sun_y_3,sun_z_3,t_target_jd,jpl_r2_x,jpl_r2_y,jpl_r2_z,jpl_v2_x,jpl_v2_y,jpl_v2_z,jpl_dist2,jpl_a,jpl_e,jpl_i,jpl_loan,jpl_aop,jpl_ma
4451 Grieve,2461220.726106771,17 59 11.31,+24 47 30.87013,-1.264387884134806E-01,1.008639589274642,-6.234660075235738E-05,2461227.606137847,17 53 05.45,+26 15 17.41489,-2.408366170506462E-01,9.877049016071693E-01,-5.675457881012515E-05,2461235.628521829,17 46 48.12,+27 19 34.83308,-3.701514297362269E-01,9.467122305467671E-01,-5.283834936882830E-05,2461227.606137847,-2.567166321606381E-02,-6.154019886715717E-01,7.257681531601144E-01,-3.138485491943713E-03,2.311586868374591E-03,1.869835706075444E-03,0.00432317135916,2.604925635590923,0.3833326434498465,27.79781152014452,219.3761119603363,110.2360012018431,75.28350406918237
2002 QF15,2458301.5,18 47 53.15,+36 01 46.6,-0.173684215,1.001700741,-0.000042982,2458313.500000000,18 14 29.52,+36 09 53.9,-0.368926698,0.947239024,-0.000039186,2458317.500000000,18 05 31.58,+35 38 52.7,-0.43106892,0.920381601,-0.000035371,2458313.500000000,0.397063188,-1.225071551,0.4747455343348779,0.011398835,0.002679832,0.003750853,0.550747333,1.056800056,0.344233109,25.15525144,236.2379806,255.5046146,140.4194574
2003 UD8,2459390.5,18 25 07.66,-17 26 32.9,-0.059988339,1.014668146,-0.000049131,2459400.500000000,18 15 28.02,-16 27 06.6,-0.227278068,0.990998484,-0.00004747,2459410.500000000,18 05 40.05,-15 30 37.6,-0.388254502,0.939415944,-0.000040613,2459420.500000000,0.265617127,-1.577425106,0.071557016,0.013701115,0.008529134,0.000489113,0.592035008,2.717433781,0.536344898,3.887454196,238.3877909,108.3136891,344.1428973

