asteroid_name,t1_jd,ra1,dec1,sun_x_1,sun_y_1,sun_z_1,t2_jd,ra2,dec2,sun_x_2,sun_y_2,sun_z_2,t3_jd,ra3,dec3,sun_x_3,sun_y_3,sun_z_3,t_target_jd,jpl_r2_x,jpl_r2_y,jpl_r2_z,jpl_v2_x,jpl_v2_y,jpl_v2_z,jpl_dist2,jpl_a,jpl_e,jpl_i,jpl_loan,jpl_aop,jpl_ma
4451 Grieve,2461220.726106771,17 59 11.31,+24 47 30.87013,-1.264387884134806E-01,1.008639589274642,-6.234660075235738E-05,2461227.606137847,17 53 05.45,+26 15 17.41489,-2.408366170506462E-01,9.877049016071693E-01,-5.675457881012515E-05,2461235.628521829,17 46 48.12,+27 19 34.83308,-3.701514297362269E-01,9.467122305467671E-01,-5.283834936882830E-05,2461245.16667,-2.567166321606381E-02,-6.154019886715717E-01,7.257681531601144E-01,-3.138485491943713E-03,2.311586868374591E-03,1.869835706075444E-03,0.00432317135916,2.604925635590923,0.3833326434498465,27.79781152014452,219.3761119603363,110.2360012018431,3.368848198493519E+02
