asteroid_name,t1_jd,ra1,dec1,sun_x_1,sun_y_1,sun_z_1,t2_jd,ra2,dec2,sun_x_2,sun_y_2,sun_z_2,t3_jd,ra3,dec3,sun_x_3,sun_y_3,sun_z_3,t_target_jd,jpl_r2_x,jpl_r2_y,jpl_r2_z,jpl_v2_x,jpl_v2_y,jpl_v2_z,jpl_dist2,jpl_a,jpl_e,jpl_i,jpl_loan,jpl_aop,jpl_ma
2002 QF15,2458301.5,18 47 54.17,+36 01 36.0,-0.17366766478289,1.001690117613854,-7.211638947471291e-05,2458313.5,18 14 30.42,+36 09 46.7,-0.3689108654050416,0.947231303280812,-7.07258160491701e-05,2458317.5,18 05 32.41,+35 38 46.3,-0.431053476115582,0.9203748113867591,-6.767955684469485e-05,2458313.5,0.3975989595078016,-1.218105134242781,0.4746529278786831,0.01139160927349382,0.002683362260237407,0.003751031430970402,0.937668633710287,1.056800055578855,0.3442331103932664,25.15525144198502,236.2379803959657,255.5046145241498,140.4194574969259
2003 UD8,2459390.5,18 25 07.66,-17 26 32.9,-0.05995819309497526,1.014656459805135,-7.68181215494705e-05,2459400.5,18 15 28.02,-16 27 06.6,-0.2272484179571045,0.990991538857197,-7.72113173461264e-05,2459410.5,18 05 40.05,-15 30 37.6,-0.3882262247151484,0.9394135916377577,-7.234276212040242e-05,"(2459420.5,)",0.257831695555332,-1.572640424405053,0.07169980699394969,0.0136957506747166,0.00852180717124458,0.0004892986996858524,0.937668633710287,2.717433781497761,0.5363448943742929,3.88745445791311,238.3878022148351,108.3136804506047,344.1428964330095
