x_pix,y_pix,ra_deg,dec_deg
791.7928651235834,614.5615117689422,17.890328345545633,26.141243182801542
1700.3970266602516,472.85013095044474,17.876395764934248,26.112495454779094
1321.6872396244728,1226.2281916568818,17.882229304482944,26.26783577531887
1823.6986630699134,1775.6590750946295,17.874539374569856,26.38146941491332
609.2355505623522,1676.697341486397,17.893189170058672,26.360352773902207
