x_pix,y_pix,ra_deg,dec_deg
1890.8692069066306,	769.790575475254,	17.76883162002756,	27.23267370009235
997.5373182030359	,476.7223614689699,	17.782706691094532,	27.170844627128382
1015.5492188196089,	1274.950953587658,	17.78250318583545,	27.3365602584301
1627.1493505983874,	1143.2535922062816,	17.772965259632873,	27.309934146417724
1432.6431835161334,	1421.6485130959784,	17.776017966463908,	27.367512026333273