x_pix,y_pix,ra_deg,dec_deg
58.59436,14.5106,310.8276985416666,-5.164693055555556
62.93647,17.33751,310.62264270833333,-5.301230277777778
65.79217,29.4024,310.49196166666667,-5.87434
55.68394,31.20315,310.974223125,-5.954110833333334
53.17282,28.12194,311.09241625,-5.806716777777778
41.7781,17.71728,311.651849375,-5.312879722222222
