x_pix,y_pix,ra_deg,dec_deg
1189.9051460051155,733.2250754116337,17.98669871753476,24.70060238700897
1485.8401842453977,1472.2186576777592,17.982241947063393,24.853219495304202
808.569272478615,976.3592840114286,17.992484171348906,24.75053632475031
958.9406994997264,1559.3675432595057,17.990233101061087,24.87092190804105
1567.383401935376,1743.8587868005493,17.981014032397194,24.90930000760565